Name,ISIN,Symbol,Market,Trading Currency,Open,High,Low,Last,Last Date/Time,Time Zone,Volume,Turnover
2CRSI,FR0013341781,2CRSI,Euronext Paris,EUR,4.76,4.82,4.42,4.52,22/01/20,CET,122723,564636.32
A.S.T. GROUPE,FR0000076887,ASP,Euronext Paris,EUR,3.61,3.66,3.605,3.635,22/01/20,CET,5126,18602.27
AB SCIENCE,FR0010557264,AB,Euronext Paris,EUR,7.02,7.2,6.83,6.98,22/01/20,CET,209354,1460857.39
ABC ARBITRAGE,FR0004040608,ABCA,Euronext Paris,EUR,6.68,6.68,6.65,6.68,22/01/20,CET,14404,96082.72
ABEO,FR0013185857,ABEO,Euronext Paris,EUR,20.1,20.1,19.8,19.8,22/01/20,CET,771,15362.3
ABIONYX PHARMA,FR0012616852,ABNX,Euronext Paris,EUR,0.438,0.438,0.414,0.415,22/01/20,CET,56054,23775.67
ABIVAX,FR0012333284,ABVX,Euronext Paris,EUR,22.1,22.2,20.7,21.05,22/01/20,CET,24241,516916.05
ACANTHE DEV.,FR0000064602,ACAN,Euronext Paris,EUR,0.484,0.484,0.482,0.482,21/01/20,CET,7721,3732.14
ACCOR,FR0000120404,AC,Euronext Paris,EUR,38.89,39.04,38.59,38.59,22/01/20,CET,777505,30087597.6
ACCOR NV20,FR0013466885,ACNV,Euronext Paris,EUR,0,0,0,0,0,CET,0,0
ACTEOS,FR0000076861,EOS,Euronext Paris,EUR,1.88,1.92,1.82,1.9,22/01/20,CET,8724,16255.84
ACTIA GROUP,FR0000076655,ATI,Euronext Paris,EUR,4.5,4.5,4.46,4.48,22/01/20,CET,2498,11175.68
ADC SIIC,BE0974269012,ALDV,Euronext Paris,EUR,0.128,0.128,0.128,0.128,22/01/20,CET,8250,1056
ADL PARTNER,FR0000062978,ALP,Euronext Paris,EUR,14.1,14.1,13.95,14.05,22/01/20,CET,1377,19229.85
ADOCIA,FR0011184241,ADOC,Euronext Paris,EUR,11.78,13.42,11.7,13,22/01/20,CET,151907,1916112.66
ADP,FR0010340141,ADP,Euronext Paris,EUR,176.5,177.9,175.2,177,22/01/20,CET,77799,13760042.8
ADUX,FR0012821890,ADUX,Euronext Paris,EUR,1.48,1.49,1.425,1.475,22/01/20,CET,5522,8093.84
ADVENIS,FR0004152874,ADV,Euronext Paris,EUR,1.385,1.385,1.38,1.385,22/01/20,CET,331,456.95
ADVICENNE,FR0013296746,ADVIC,Euronext Paris Brussels,EUR,10.65,10.8,10.6,10.7,22/01/20,CET,775,8290.35
ADVINI,FR0000053043,ADVI,Euronext Paris,EUR,26.8,26.8,26.4,26.4,22/01/20,CET,49,1301
AERKOMM INC,US00774B2088,AKOM,Euronext Paris,EUR,32,32,31.1,31.1,22/01/20,CET,124,3953.9
AGTA RECORD,CH0008853209,AGTA,Euronext Paris,EUR,68.5,68.5,68.5,68.5,22/01/20,CET,516,35346
AIR FRANCE -KLM,FR0000031122,AF,Euronext Paris Amsterdam,EUR,9.23,9.358,9.06,9.218,22/01/20,CET,2670275,24674410.38
AIR LIQUIDE,FR0000120073,AI,Euronext Paris,EUR,129.85,130.2,129.25,129.55,22/01/20,CET,982980,127456908.85
AIRBUS,NL0000235190,AIR,Euronext Paris,EUR,137.4,139.32,137.14,137.98,22/01/20,CET,1191568,164873969.06
AKKA TECHNOLOGIES,FR0004180537,AKA,Euronext Paris Brussels,EUR,67.1,67.4,66.5,66.6,22/01/20,CET,11672,780503
AKWEL,FR0000053027,AKW,Euronext Paris,EUR,19.62,19.76,19.56,19.66,22/01/20,CET,3384,66432.28
ALBIOMA,FR0000060402,ABIO,Euronext Paris,EUR,30,30.35,29.5,29.65,22/01/20,CET,52144,1556220.35
ALD,FR0013258662,ALD,Euronext Paris,EUR,13.9,13.9,13.74,13.8,22/01/20,CET,26015,358916.48
ALPES (COMPAGNIE),FR0000053324,CDA,Euronext Paris,EUR,30.05,30.75,30.05,30.75,22/01/20,CET,23406,712071.05
ALPHA MOS,FR0013421286,ALM,Euronext Paris,EUR,1.1,1.1,1.1,1.1,22/01/20,CET,1287,1415.7
ALSTOM,FR0010220475,ALO,Euronext Paris,EUR,46,46.42,45.65,46.04,22/01/20,CET,1193198,54953076.32
ALTAMIR,FR0000053837,LTA,Euronext Paris,EUR,16.844,16.85,16.8,16.85,22/01/20,CET,575,9682.99
ALTAREA,FR0000033219,ALTA,Euronext Paris,EUR,205,208.5,205,206,22/01/20,CET,2437,504274.5
ALTAREIT,FR0000039216,AREIT,Euronext Paris,EUR,530,530,530,530,22/01/20,CET,8,4240
ALTEN,FR0000071946,ATE,Euronext Paris,EUR,116.2,117.2,116,116,22/01/20,CET,48546,5643355.6
ALTRAN TECHN.,FR0000034639,ALT,Euronext Paris,EUR,14.405,14.44,14.4,14.425,22/01/20,CET,540891,7799345.1
ALTUR INVEST.,FR0010395681,ALTUR,Euronext Paris,EUR,6.14,6.18,6.12,6.18,22/01/20,CET,3911,24088.3
AMOEBA,FR0011051598,AMEBA,Euronext Paris,EUR,0.709,0.72,0.65,0.7,22/01/20,CET,673839,464054.58
AMPLITUDE SURGICAL,FR0012789667,AMPLI,Euronext Paris,EUR,1.56,1.67,1.56,1.62,22/01/20,CET,63415,103344.65
AMUNDI,FR0004125920,AMUN,Euronext Paris,EUR,72.15,74.5,72.15,74.05,22/01/20,CET,244675,18042999.3
ANTALIS,FR0013258589,ANTA,Euronext Paris,EUR,0.714,0.728,0.686,0.686,22/01/20,CET,39220,27715.47
APERAM,LU0569974404,APAM,Euronext Amsterdam Brussels Paris,EUR,27.53,27.53,26.62,26.83,22/01/20,CET,187132,5023881.13
APRIL,FR0004037125,APR,Euronext Paris,EUR,21.9,22.3,21.9,21.9,22/01/20,CET,864,18993.2
ARCELORMITTAL SA,LU1598757687,MT,Euronext Amsterdam Paris,EUR,14.302,14.362,14.084,14.252,22/01/20,CET,4186288,59450235.65
ARCHOS,FR0000182479,JXR,Euronext Paris,EUR,0.0903,0.0953,0.0903,0.0931,22/01/20,CET,400265,37072.74
ARGAN,FR0010481960,ARG,Euronext Paris,EUR,78.4,79,77,77,22/01/20,CET,4197,327422.4
ARKEMA,FR0010313833,AKE,Euronext Paris,EUR,87.34,87.54,85.82,86.42,22/01/20,CET,297162,25677173.96
ARTEA,FR0012185536,ARTE,Euronext Paris,EUR,11.9,11.9,11.9,11.9,22/01/20,CET,1,11.9
ARTMARKET COM,FR0000074783,PRC,Euronext Paris,EUR,9.86,9.95,9.8,9.91,22/01/20,CET,10698,105877.53
ARTOIS NOM.,FR0000076952,ARTO,Euronext Paris,EUR,4200,4200,4160,4160,22/01/20,CET,3,12520
ASIT,BE0974289218,ASIT,Euronext Brussels Paris,EUR,0.239,0.239,0.1972,0.202,22/01/20,CET,535582,111136.46
ASSYSTEM,FR0000074148,ASY,Euronext Paris,EUR,34.2,34.6,33.9,34.3,22/01/20,CET,1603,55009.55
ATARI,FR0010478248,ATA,Euronext Paris,EUR,0.3188,0.3188,0.3134,0.3154,22/01/20,CET,303846,96038.29
ATEME,FR0011992700,ATEME,Euronext Paris,EUR,10.62,10.78,10.62,10.74,22/01/20,CET,3993,42748.1
ATOS,FR0000051732,ATO,Euronext Paris,EUR,78,78.3,77.5,77.86,22/01/20,CET,296386,23064298.58
ATOS NV20,FR0013465754,ATONV,Euronext Paris,EUR,0,0,0,0,0,CET,0,0
AUBAY,FR0000063737,AUB,Euronext Paris,EUR,32.25,33.1,32.15,32.75,22/01/20,CET,14386,470012
AUGROS COSMETICS,FR0000061780,AUGR,Euronext Paris,EUR,6.5,6.5,6.5,6.5,16/01/20,CET,2,13
AUREA,FR0000039232,AURE,Euronext Paris,EUR,6.5,6.6,6.5,6.54,22/01/20,CET,849,5554.68
AURES TECHNOLOGIES,FR0013183589,AURS,Euronext Paris,EUR,22.05,22.05,21.75,21.75,22/01/20,CET,344,7527.9
AVENIR TELECOM,FR0000066052,AVT,Euronext Paris,EUR,0.0152,0.0152,0.0145,0.0148,22/01/20,CET,7467065,109973.69
AWOX,FR0011800218,AWOX,Euronext Paris,EUR,0.98,1.025,0.948,1.025,22/01/20,CET,51083,49954.48
AXA,FR0000120628,CS,Euronext Paris,EUR,24.64,24.715,24.295,24.39,22/01/20,CET,4458620,108959053.73
AXA NV20,FR0013468253,CSNV,Euronext Paris,EUR,22.95,22.95,22.79,22.79,22/01/20,CET,2450,56027.5
AXWAY SOFTWARE,FR0011040500,AXW,Euronext Paris,EUR,11.45,11.95,11.35,11.85,22/01/20,CET,8420,97212.8
BACCARAT,FR0000064123,BCRA,Euronext Paris,EUR,214,214,214,214,20/01/20,CET,10,2140
BAINS MER MONACO,MC0000031187,BAIN,Euronext Paris,EUR,59.6,59.6,59,59.6,22/01/20,CET,1468,87312.4
BALYO,FR0013258399,BALYO,Euronext Paris,EUR,1.74,1.894,1.71,1.746,22/01/20,CET,412454,742170.26
BARBARA BUI,FR0000062788,BUI,Euronext Paris,EUR,7,7,7,7,21/01/20,CET,200,1400
BASTIDE LE CONFORT,FR0000035370,BLC,Euronext Paris,EUR,37.5,37.5,36.6,36.7,22/01/20,CET,7145,263940.35
BEL,FR0000121857,FBEL,Euronext Paris,EUR,300,300,300,300,22/01/20,CET,38,11400
BELIER,FR0000072399,BELI,Euronext Paris,EUR,36.15,36.5,36.15,36.5,22/01/20,CET,1238,44998.15
BENETEAU,FR0000035164,BEN,Euronext Paris,EUR,10.11,10.2,9.93,9.96,22/01/20,CET,70015,701574.9
BIC,FR0000120966,BB,Euronext Paris,EUR,59.45,59.8,59.3,59.7,22/01/20,CET,93095,5549702.7
BIGBEN INTERACTIVE,FR0000074072,BIG,Euronext Paris,EUR,14.94,14.98,13.6,13.76,22/01/20,CET,118118,1670584.7
BIOM UP SA,FR0013284080,BUP,Euronext Paris,EUR,0.273,0.288,0.26,0.288,22/10/19,CET,86190,23921.503
BIOMERIEUX,FR0013280286,BIM,Euronext Paris,EUR,88.15,89.25,88,88.15,22/01/20,CET,87588,7742091.95
BLEECKER,FR0000062150,BLEE,Euronext Paris,EUR,125,125,125,125,22/01/20,CET,510,63750
BLUE,FR0011592104,BLUE,Euronext Paris,EUR,17,17,16.9,16.9,22/01/20,CET,1169,19858.35
BNP PARIBAS ACT.A,FR0000131104,BNP,Euronext Paris,EUR,50.25,50.58,49.9,50.08,22/01/20,CET,2939696,147584464.64
BOIRON,FR0000061129,BOI,Euronext Paris,EUR,34.5,34.5,33.75,34.25,22/01/20,CET,2792,95227.65
BOLLORE,FR0000039299,BOL,Euronext Paris,EUR,3.784,3.79,3.73,3.736,22/01/20,CET,781142,2925163.9
BOLLORE NV20,FR0013447653,BOLNV,Euronext Paris,EUR,3.8,3.888,3.8,3.888,22/01/20,CET,516,2006.12
BONDUELLE,FR0000063935,BON,Euronext Paris,EUR,21.7,21.85,21.4,21.45,22/01/20,CET,11946,258268
BONE THERAPEUTICS,BE0974280126,BOTHE,Euronext Brussels Paris,EUR,3.7,3.855,3.56,3.77,22/01/20,CET,61377,228584.15
BOOSTHEAT,FR0011814938,BOOST,Euronext Paris,EUR,17.15,17.7,17.15,17.7,22/01/20,CET,1548,27074.8
BOURBON CORP.,FR0004548873,GBB,Euronext Paris,EUR,3.73,3.84,3.675,3.675,08/10/19,CET,38843,145243.12
BOURSE DIRECT,FR0000074254,BSD,Euronext Paris,EUR,1.14,1.15,1.14,1.15,22/01/20,CET,80,91.6
BOUYGUES,FR0000120503,EN,Euronext Paris,EUR,38.54,38.74,38.23,38.23,22/01/20,CET,753962,28951177.28
BOUYGUES NV20,FR0013463213,ENNV,Euronext Paris,EUR,0,0,0,0,0,CET,0,0
BRASSERIE CAMEROUN,CM0000035113,BCAM,Euronext Paris,EUR,90,90,90,90,15/01/20,CET,10,900
BUREAU VERITAS,FR0006174348,BVI,Euronext Paris,EUR,25.08,25.33,25.01,25.24,22/01/20,CET,528325,13330645.67
BURELLE,FR0000061137,BUR,Euronext Paris,EUR,776,776,768,770,22/01/20,CET,148,114154
BUSINESS ET DECIS.,FR0000078958,BND,Euronext Paris,EUR,7.65,7.65,7.65,7.65,22/01/20,CET,6,45.9
CA TOULOUSE 31 CCI,FR0000045544,CAT31,Euronext Paris,EUR,132.84,134.78,132.84,134,22/01/20,CET,2045,275149.46
CAFOM,FR0010151589,CAFO,Euronext Paris,EUR,5.2,5.2,5.2,5.2,22/01/20,CET,1,5.2
CAMBODGE NOM.,FR0000079659,CBDG,Euronext Paris,EUR,6000,6000,6000,6000,20/01/20,CET,3,18000
CAPELLI,FR0012969095,CAPLI,Euronext Paris,EUR,32.5,32.8,32.4,32.8,22/01/20,CET,310,10058
CAPGEMINI,FR0000125338,CAP,Euronext Paris,EUR,117.7,118.3,116.75,117.7,22/01/20,CET,409139,48133685.65
CARMILA,FR0010828137,CARM,Euronext Paris,EUR,18.62,18.64,18.54,18.64,22/01/20,CET,36239,674597.04
CARPINIENNE PART.,FR0000064156,CARP,Euronext Paris,EUR,33.4,33.4,33.4,33.4,11/12/19,CET,90,3006
CARREFOUR,FR0000120172,CA,Euronext Paris,EUR,14.805,14.89,14.455,14.455,22/01/20,CET,3184021,46324209.61
CASINO GUICHARD,FR0000125585,CO,Euronext Paris,EUR,36.7,36.92,36,36.21,22/01/20,CET,315043,11420815.91
CAST,FR0000072894,CAS,Euronext Paris,EUR,2.66,2.75,2.66,2.68,22/01/20,CET,2470,6713.94
CATANA GROUP,FR0010193052,CATG,Euronext Paris,EUR,4.12,4.12,3.895,3.94,22/01/20,CET,173040,687909.97
CATERING INTL SCES,FR0000064446,CTRG,Euronext Paris,EUR,12.9,12.95,12.75,12.85,22/01/20,CET,5048,64874.95
CATERPILLAR INC,US1491231015,CATR,Euronext Paris,EUR,131,132.5,130,132.5,22/01/20,CET,265,34718
CBO TERRITORIA,FR0010193979,CBOT,Euronext Paris,EUR,3.86,3.86,3.83,3.85,22/01/20,CET,12485,48050.36
CEGEDIM,FR0000053506,CGM,Euronext Paris,EUR,31.15,31.15,30.45,31.15,22/01/20,CET,16713,517729.4
CEGEREAL,FR0010309096,CGR,Euronext Paris,EUR,43.2,43.2,43,43,22/01/20,CET,111,4778.2
CELLNOVO,FR0012633360,CLNV,Euronext Paris,EUR,0.138,0.1644,0.1232,0.128,08/05/19,CET,4559697,642409.0426
CELYAD,BE0974260896,CYAD,Euronext Brussels Paris,EUR,11.44,11.46,11.02,11.06,22/01/20,CET,52604,588797.16
CFI,FR0000037475,CFI,Euronext Paris,EUR,0.5,0.5,0.5,0.5,21/01/20,CET,1,0.5
CGG,FR0013181864,CGG,Euronext Paris,EUR,2.86,2.87,2.797,2.816,22/01/20,CET,3006411,8492961.84
CGG BSA 1,FR0013309614,CGGBS,Euronext Paris,EUR,0.482,0.484,0.465,0.48,22/01/20,CET,10082,4849.81
CGG BSA 2,FR0013309622,CGGBT,Euronext Paris,EUR,0.171,0.172,0.1565,0.16,22/01/20,CET,38568,6295.65
CHARGEURS,FR0000130692,CRI,Euronext Paris,EUR,18.06,18.16,17.94,17.96,22/01/20,CET,20455,368641.92
CHAUSSERIA,FR0000060907,CHSR,Euronext Paris,EUR,4.1,4.1,4.1,4.1,18/11/19,CET,148,606.8
CHRISTIAN DIOR,FR0000130403,CDI,Euronext Paris,EUR,464.6,464.6,459,460,22/01/20,CET,12463,5751508.4
CIBOX INTER A CTIV,FR0000054322,CIB,Euronext Paris,EUR,0.1358,0.147,0.1358,0.1402,22/01/20,CET,244670,35208.53
CLARANOVA,FR0013426004,CLA,Euronext Paris,EUR,7.664,7.697,7.56,7.626,22/01/20,CET,95069,725010.36
CNIM GROUP,FR0000053399,COM,Euronext Paris,EUR,17.7,18.15,17.7,17.85,22/01/20,CET,1052,19006.65
CNOVA,NL0010949392,CNV,Euronext Paris,EUR,2.44,2.5,2.44,2.5,22/01/20,CET,11056,27282.3
CNP ASSURANCES,FR0000120222,CNP,Euronext Paris,EUR,17.12,17.19,16.91,16.94,22/01/20,CET,360290,6119823.38
COFACE,FR0010667147,COFA,Euronext Paris,EUR,11.68,11.7,11.45,11.53,22/01/20,CET,142538,1645711.69
COGELEC,FR0013335742,COGEC,Euronext Paris,EUR,6.24,6.24,6.12,6.12,22/01/20,CET,1838,11373.2
COHERIS,FR0004031763,COH,Euronext Paris,EUR,2.03,2.03,2.03,2.03,21/01/20,CET,550,1116.5
COLAS,FR0000121634,RE,Euronext Paris,EUR,137,138,137,137.4,22/01/20,CET,1337,183970.6
COURTOIS,FR0000065393,COUR,Euronext Paris,EUR,130,130,130,130,22/01/20,CET,1,130
COVIVIO,FR0000064578,COV,Euronext Paris,EUR,106.1,107,106.1,106.8,22/01/20,CET,87432,9328083
COVIVIO HOTELS,FR0000060303,COVH,Euronext Paris,EUR,30,30,30,30,22/01/20,CET,701,21030
CRCAM ALP.PROV.CCI,FR0000044323,CRAP,Euronext Paris,EUR,130.98,130.98,127.02,129,22/01/20,CET,132,17041.9
CRCAM ATL.VEND.CCI,FR0000185506,CRAV,Euronext Paris,EUR,163.04,164.98,163.02,164.08,22/01/20,CET,102,16723.28
CRCAM BRIE PIC2CCI,FR0010483768,CRBP2,Euronext Paris,EUR,31.44,31.7,31.44,31.52,22/01/20,CET,5428,171173.69
CRCAM ILLE-VIL.CCI,FR0000045213,CIV,Euronext Paris,EUR,118.2,118.2,118,118,22/01/20,CET,27,3186.2
CRCAM LANGUED CCI,FR0010461053,CRLA,Euronext Paris,EUR,85,85,85,85,22/01/20,CET,71,6035
CRCAM LOIRE HTE L.,FR0000045239,CRLO,Euronext Paris,EUR,103.18,103.18,103,103,22/01/20,CET,3,309.18
CRCAM MORBIHAN CCI,FR0000045551,CMO,Euronext Paris,EUR,102.12,103.8,102.12,102.22,22/01/20,CET,109,11136.06
CRCAM NORD CCI,FR0000185514,CNF,Euronext Paris,EUR,28.7,28.75,28.495,28.6,22/01/20,CET,3760,107651.93
CRCAM NORM.SEINE,FR0000044364,CCN,Euronext Paris,EUR,158,159.96,158,159.96,22/01/20,CET,279,44529.06
CRCAM PARIS ET IDF,FR0000045528,CAF,Euronext Paris,EUR,99.6,99.91,99.51,99.91,22/01/20,CET,266,26498.95
CRCAM SUD R.A.CCI,FR0000045346,CRSU,Euronext Paris,EUR,231.05,231.05,231.05,231.05,22/01/20,CET,34,7855.7
CRCAM TOURAINE CCI,FR0000045304,CRTO,Euronext Paris,EUR,129.44,129.44,126.68,126.68,22/01/20,CET,516,66074.72
CREDIT AGRICOLE,FR0000045072,ACA,Euronext Paris,EUR,12.75,12.815,12.605,12.63,22/01/20,CET,4542460,57518718.38
CROSSWOOD,FR0000050395,CROS,Euronext Paris,EUR,4.8,4.8,4.8,4.8,21/01/20,CET,207,993.6
CS GROUP.,FR0007317813,SX,Euronext Paris,EUR,4.72,4.72,4.71,4.72,22/01/20,CET,635,2992.86
DALET,FR0011026749,DLT,Euronext Paris,EUR,12.4,12.4,12.2,12.2,22/01/20,CET,41,500.4
DANONE,FR0000120644,BN,Euronext Paris,EUR,73.44,73.8,72.86,72.9,22/01/20,CET,1132952,82869068.2
DASSAULT AVIATION,FR0000121725,AM,Euronext Paris,EUR,1146,1146,1111,1111,22/01/20,CET,6233,6955469
DASSAULT SYS NV20,FR0013466893,DSYNV,Euronext Paris,EUR,0,0,0,0,0,CET,0,0
DASSAULT SYSTEMES,FR0000130650,DSY,Euronext Paris,EUR,158.6,160.95,158.2,160.5,22/01/20,CET,356655,57123137.65
DBV TECHNOLOGIES,FR0010417345,DBV,Euronext Paris,EUR,22.88,22.98,21.84,21.92,22/01/20,CET,260972,5814796.22
DEDALUS FRANCE,FR0000052623,DEDAL,Euronext Paris,EUR,0.4,0.4,0.391,0.391,22/01/20,CET,5681,2225.28
DELTA PLUS GROUP,FR0013283108,DLTA,Euronext Paris,EUR,53.2,54,52.4,52.4,22/01/20,CET,6159,329396.2
DERICHEBOURG,FR0000053381,DBG,Euronext Paris,EUR,3.5,3.52,3.438,3.444,22/01/20,CET,261933,909438.56
DEVOTEAM,FR0000073793,DVT,Euronext Paris,EUR,88.6,90,86.5,88.9,22/01/20,CET,19447,1716108.9
DIAGEO,GB0002374006,DGE,Euronext Paris,EUR,38.15,38.15,38.15,38.15,22/01/20,CET,50,1907.5
DIAGNOSTIC MEDICAL,FR0012202497,DGM,Euronext Paris,EUR,1.25,1.285,1.25,1.25,22/01/20,CET,5857,7328.01
DIGIGRAM,FR0000035784,DIG,Euronext Paris,EUR,0.61,0.61,0.61,0.61,13/12/19,CET,370,225.7
DOCK.PETR.AMBES AM,FR0000065260,DPAM,Euronext Paris,EUR,450,450,450,450,22/01/20,CET,6,2700
ECA,FR0010099515,ECASA,Euronext Paris,EUR,30.1,31.2,30.1,30.9,22/01/20,CET,11702,361097.05
EDENRED,FR0010908533,EDEN,Euronext Paris,EUR,48.6,48.88,48.37,48.65,22/01/20,CET,269225,13096377.82
EDENRED NV20,FR0013465713,EDENV,Euronext Paris,EUR,0,0,0,0,0,CET,0,0
EDF,FR0010242511,EDF,Euronext Paris,EUR,11.545,11.575,11.37,11.37,22/01/20,CET,2666359,30474649.67
EGIDE,FR0000072373,GID,Euronext Paris,EUR,0.892,0.894,0.87,0.87,22/01/20,CET,19257,16900.4
EIFFAGE,FR0000130452,FGR,Euronext Paris,EUR,105.45,105.5,103.95,104.3,22/01/20,CET,174586,18231290.7
EKINOPS,FR0011466069,EKI,Euronext Paris,EUR,5.88,5.88,5.7,5.75,22/01/20,CET,63394,366539.51
ELEC.STRASBOURG,FR0000031023,ELEC,Euronext Paris,EUR,119,120,118,119.5,22/01/20,CET,305,36225.5
ELECT. MADAGASCAR,FR0000035719,EEM,Euronext Paris,EUR,2.92,2.92,2.92,2.92,22/01/20,CET,210,613.2
ELIOR GROUP,FR0011950732,ELIOR,Euronext Paris,EUR,12.85,13.14,12.52,13,22/01/20,CET,745128,9610290.51
ELIS,FR0012435121,ELIS,Euronext Paris,EUR,18.18,18.3,18.11,18.11,22/01/20,CET,208045,3775480.18
ENGIE,FR0010208488,ENGI,Euronext Paris Brussels,EUR,15.335,15.38,15.245,15.295,22/01/20,CET,5190221,79478445.32
ENGIE EPS,FR0012650166,EPS,Euronext Paris,EUR,9.55,9.6,9.1,9.25,22/01/20,CET,15579,144620.41
EOS IMAGING,FR0011191766,EOSI,Euronext Paris,EUR,2.2,2.25,2.14,2.18,22/01/20,CET,300119,661358.77
ERAMET,FR0000131757,ERA,Euronext Paris,EUR,43.1,43.12,41.22,41.5,22/01/20,CET,175649,7374486.28
ERYTECH PHARMA,FR0011471135,ERYP,Euronext Paris,EUR,6.42,6.44,6.24,6.28,22/01/20,CET,26945,171405.63
ESI GROUP,FR0004110310,ESI,Euronext Paris,EUR,30.8,30.9,30.5,30.9,22/01/20,CET,1109,34128.5
ESPERITE,NL0009272137,ESP,Euronext Amsterdam Paris,EUR,0.1,0.13,0.1,0.1104,22/01/20,CET,15996289,1808399.13
ESSILOR NV20,FR0013466315,ELNV,Euronext Paris,EUR,0,0,0,0,0,CET,0,0
ESSILORLUXOTTICA,FR0000121667,EL,Euronext Paris,EUR,142.2,143.4,140.25,140.25,22/01/20,CET,596430,84267737.15
ESSO,FR0000120669,ES,Euronext Paris,EUR,21.5,21.5,21.4,21.5,22/01/20,CET,608,13067
EURASIA FONC INV,FR0000061475,EFI,Euronext Paris,EUR,0.191,0.191,0.191,0.191,15/01/20,CET,40,7.64
EURAZEO,FR0000121121,RF,Euronext Paris,EUR,63.55,63.6,62.6,62.8,22/01/20,CET,145740,9174037.3
EURO RESSOURCES,FR0000054678,EUR,Euronext Paris,EUR,3.01,3.01,2.94,3.01,22/01/20,CET,7161,21248
EUROFINS NV20,FR0013462876,ERFNV,Euronext Paris,EUR,470,471.2,470,471.2,22/01/20,CET,960,451512
EUROFINS SCIENT.,FR0000038259,ERF,Euronext Paris,EUR,479.2,482.2,477.8,478.8,22/01/20,CET,25637,12289010
EUROMEDIS GROUPE,FR0000075343,EMG,Euronext Paris,EUR,4.44,7,4.44,6.6,22/01/20,CET,13103,79830.11
EURONEXT,NL0006294274,ENX,Euronext Paris Amsterdam Brussels,EUR,78.35,79.65,78.1,78.95,22/01/20,CET,79649,6294019.45
EUROPACORP,FR0010490920,ECP,Euronext Paris,EUR,0.799,0.813,0.76,0.76,22/01/20,CET,21523,16617.62
EUROPCAR MOBILITY,FR0012789949,EUCAR,Euronext Paris,EUR,4.3,4.358,4.168,4.318,22/01/20,CET,966914,4134835.79
EUTELSAT COMMUNIC.,FR0010221234,ETL,Euronext Paris,EUR,14.515,14.57,14.445,14.495,22/01/20,CET,424129,6148680.68
EXACOMPTA CLAIREF.,FR0000064164,EXAC,Euronext Paris,EUR,116,116,116,116,22/01/20,CET,33,3828
EXEL INDUSTRIES,FR0004527638,EXE,Euronext Paris,EUR,46.1,46.7,46.1,46.7,22/01/20,CET,203,9459
EXPLOS.PROD.CHI.PF,FR0000037343,EPCP,Euronext Paris,EUR,830,830,830,830,21/01/20,CET,16,13280
EXPLOSIFS PROD.CHI,FR0000039026,EXPL,Euronext Paris,EUR,765,765,765,765,15/01/20,CET,5,3825
FAURECIA,FR0000121147,EO,Euronext Paris,EUR,45.99,46.66,44.98,45.55,22/01/20,CET,325738,14903695.8
FAUVET GIREL,FR0000063034,FAUV,Euronext Paris,EUR,31.4,31.4,31.4,31.4,06/01/20,CET,200,6280
FAYENC.SARREGUEMI.,FR0000031973,FAYE,Euronext Paris,EUR,30,30,30,30,07/01/20,CET,26,780
FDJ,FR0013451333,FDJ,Euronext Paris,EUR,23.57,23.645,23.395,23.435,22/01/20,CET,101146,2377415.22
FERM.CAS.MUN.CANNE,FR0000062101,FCMC,Euronext Paris,EUR,1700,1700,1700,1700,22/01/20,CET,54,91800
FERMENTALG,FR0011271600,FALG,Euronext Paris,EUR,1.898,1.9,1.874,1.874,22/01/20,CET,21893,41336.48
FFP,FR0000064784,FFP,Euronext Paris,EUR,103,103,100.8,101,22/01/20,CET,6652,677004.8
FIDUCIAL OFF.SOL.,FR0000061418,SACI,Euronext Paris,EUR,28,28,28,28,22/01/20,CET,1,28
FIDUCIAL REAL EST.,FR0000060535,ORIA,Euronext Paris,EUR,196,196,196,196,22/01/20,CET,1,196
FIGEAC AERO,FR0011665280,FGA,Euronext Paris,EUR,8.91,8.91,8.75,8.8,22/01/20,CET,10278,90456.29
FIN.ETANG BERRE,FR0000062341,BERR,Euronext Paris,EUR,5.3,5.3,5.3,5.3,17/01/20,CET,16097,85314.1
FIN.ETANG BERRE PF,FR0000062507,EBPF,Euronext Paris,EUR,104,104,104,104,19/09/19,CET,6,624
FIN.OUEST AFRICAIN,SN0000033192,FOAF,Euronext Paris,EUR,8.95,8.95,8.95,8.95,20/01/20,CET,1,8.95
FINANCIERE MARJOS,FR0000060824,FINM,Euronext Paris,EUR,0.23,0.23,0.23,0.23,21/01/20,CET,1,0.23
FINANCIERE ODET,FR0000062234,ODET,Euronext Paris,EUR,790,792,778,782,22/01/20,CET,409,321748
FINATIS,FR0000035123,FNTS,Euronext Paris,EUR,29.2,29.2,29.2,29.2,16/01/20,CET,2,58.4
FIPP,FR0000038184,FIPP,Euronext Paris,EUR,0.27,0.284,0.27,0.284,21/01/20,CET,1363,382.21
FLEURY MICHON,FR0000074759,FLE,Euronext Paris,EUR,31,31,30.8,30.9,22/01/20,CET,41,1265.2
FLEURYMBSAR22MAR20,FR0011408731,FLEBS,Euronext Paris,EUR,8,8,8,8,27/09/18,CET,500,4000
FNAC DARTY,FR0011476928,FNAC,Euronext Paris,EUR,46.52,47.1,46,46.68,22/01/20,CET,121054,5655337.66
FONC ATLAND BSA,FR0012951028,FATBS,Euronext Paris,EUR,3.5,3.5,3.5,3.5,04/11/19,CET,11,38.5
FONC VOLTA NV20,FR0013467438,SPENV,Euronext Paris,EUR,0,0,0,0,0,CET,0,0
FONC. PARIS NORD,FR0011277391,FPN,Euronext Paris,EUR,0.0288,0.0288,0.0288,0.0288,22/01/20,CET,900,25.92
FONCIERE 7 INVEST,FR0000065930,LEBL,Euronext Paris,EUR,1.02,1.02,1.02,1.02,21/01/20,CET,650,663
FONCIERE ATLAND,FR0000064362,FATL,Euronext Paris,EUR,170,176,170,176,22/01/20,CET,89,15325
FONCIERE EURIS,FR0000038499,EURS,Euronext Paris,EUR,16.5,16.5,16.5,16.5,20/01/20,CET,3585,59152.5
FONCIERE INEA,FR0010341032,INEA,Euronext Paris,EUR,41.6,41.8,41.6,41.6,22/01/20,CET,70,2914.2
FONCIERE LYONNAISE,FR0000033409,FLY,Euronext Paris,EUR,80,80,78.8,78.8,22/01/20,CET,790,62398.6
FONCIERE VOLTA,FR0000053944,SPEL,Euronext Paris,EUR,7.6,7.6,7.6,7.6,21/01/20,CET,130,988
FORESTIERE EQUAT.,CI0000053161,FORE,Euronext Paris,EUR,680,680,680,680,06/01/20,CET,1,680
FRANCAISE ENERGIE,FR0013030152,LFDE,Euronext Paris,EUR,17.8,18.35,17.8,18.3,22/01/20,CET,3531,64451
FREY,FR0010588079,FREY,Euronext Paris,EUR,36.2,36.2,36.2,36.2,22/01/20,CET,610,22082
GALIMMO,FR0000030611,GALIM,Euronext Paris,EUR,18.2,18.2,18.2,18.2,22/01/20,CET,1,18.2
GAUMONT,FR0000034894,GAM,Euronext Paris,EUR,126.5,126.5,122,124,22/01/20,CET,471,58157.5
GEA GRENOBL.ELECT.,FR0000053035,GEA,Euronext Paris,EUR,104,104,104,104,22/01/20,CET,2,208
GECI INTL,FR0000079634,GECP,Euronext Paris,EUR,0.0565,0.0578,0.054,0.0552,22/01/20,CET,2239799,125012.06
GECI INTL BSAR A,FR0013266764,GECBT,Euronext Paris,EUR,0.005,0.0056,0.0044,0.0056,22/01/20,CET,6484,29.73
GECINA NOM.,FR0010040865,GFC,Euronext Paris,EUR,165.5,167.5,165.5,167.5,22/01/20,CET,110652,18489773
GENERAL ELECTRIC,US3696041033,GNE,Euronext Paris,EUR,10.52,10.898,10.384,10.384,22/01/20,CET,9194,96584.51
GENERIX GROUP,FR0010501692,GENX,Euronext Paris,EUR,6.78,6.84,6.74,6.74,22/01/20,CET,1341,9090.84
GENEURO,CH0308403085,GNRO,Euronext Paris,EUR,3.3,3.3,3.26,3.26,22/01/20,CET,806,2651.6
GENFIT,FR0004163111,GNFT,Euronext Paris,EUR,18.5,18.62,17.84,17.84,22/01/20,CET,280910,5091692.9
GENKYOTEX,FR0013399474,GKTX,Euronext Paris Brussels,EUR,2.01,2.045,1.99,2,22/01/20,CET,109881,220484.77
GENKYOTEX DS,FR0013477429,GTKDS,Euronext Paris,EUR,0.0044,0.006,0.0044,0.006,22/01/20,CET,82966,396.01
GENOMIC VISION,FR0011799907,GV,Euronext Paris,EUR,0.586,0.587,0.537,0.539,22/01/20,CET,3727932,2085433.56
GENSIGHT BIOLOGICS,FR0013183985,SIGHT,Euronext Paris,EUR,4.44,4.465,4.07,4.14,22/01/20,CET,770380,3262660.31
GETLINK SE,FR0010533075,GET,Euronext Paris London,EUR,15.52,15.62,15.44,15.49,22/01/20,CET,579210,8981168.48
GL EVENTS,FR0000066672,GLO,Euronext Paris,EUR,24.05,24.15,23.9,24,22/01/20,CET,18808,451657.85
GPE GROUP PIZZORNO,FR0010214064,GPE,Euronext Paris,EUR,13.15,13.35,13.15,13.2,22/01/20,CET,312,4132.1
GRAINES VOLTZ,FR0000065971,GRVO,Euronext Paris,EUR,62.5,63.5,62.5,63.5,22/01/20,CET,116,7290
GROUPE CRIT,FR0000036675,CEN,Euronext Paris,EUR,71.3,72.2,71.3,72.1,22/01/20,CET,1119,80441.8
GROUPE FLO,FR0004076891,FLO,Euronext Paris,EUR,0.21,0.21,0.21,0.21,22/01/20,CET,8095,1699.95
GROUPE GORGE,FR0000062671,GOE,Euronext Paris,EUR,18.68,19,18.5,18.9,22/01/20,CET,20833,392022.1
GROUPE IRD,FR0000124232,IRD,Euronext Paris,EUR,26.905,26.91,26.905,26.91,22/01/20,CET,371,9983.37
GROUPE JAJ,FR0004010338,GJAJ,Euronext Paris,EUR,0.94,1.03,0.94,1.03,17/01/20,CET,560,551.6
GROUPE OPEN,FR0004050300,OPN,Euronext Paris,EUR,12.7,12.8,12.68,12.7,22/01/20,CET,2621,33311.62
GROUPE PARTOUCHE,FR0012612646,PARP,Euronext Paris,EUR,27.8,28.4,27.8,28.4,22/01/20,CET,931,26211.1
GROUPE SFPI,FR0004155000,SFPI,Euronext Paris,EUR,1.805,1.805,1.75,1.785,22/01/20,CET,14262,25295.61
GT BIOPHARMA INC,US36254L1008,GTBP,Euronext Paris,EUR,1.03,1.03,1.03,1.03,04/12/18,CET,1,1.03
GTT,FR0011726835,GTT,Euronext Paris,EUR,98,98.6,97.1,97.95,22/01/20,CET,47680,4665922.85
GUERBET,FR0000032526,GBT,Euronext Paris,EUR,37.85,38.3,37.25,38,22/01/20,CET,9893,375638.85
GUERBET NV20,FR0013462827,GBTNV,Euronext Paris,EUR,0,0,0,0,0,CET,0,0
GUILLEMOT,FR0000066722,GUI,Euronext Paris,EUR,2.37,2.375,2.33,2.365,22/01/20,CET,3611,8462.06
HAULOTTE GROUP,FR0000066755,PIG,Euronext Paris,EUR,5.27,5.32,5.23,5.24,22/01/20,CET,10982,57871.33
HERMES INTL,FR0000052292,RMS,Euronext Paris,EUR,711,715.4,709.4,711.2,22/01/20,CET,58102,41359767.2
HEXAOM,FR0004159473,HEXA,Euronext Paris,EUR,36.9,36.9,36.3,36.8,22/01/20,CET,2837,104020.95
HF,FR0000038531,HF,Euronext Paris,EUR,5.02,5.04,4.98,4.98,22/01/20,CET,713,3562.94
HIGH CO,FR0000054231,HCO,Euronext Paris,EUR,6.2,6.2,6.06,6.2,22/01/20,CET,4584,28231.02
HIPAY GROUP,FR0012821916,HIPAY,Euronext Paris,EUR,5.34,5.34,4.92,5.3,22/01/20,CET,3480,17870.42
HOPSCOTCH GROUPE,FR0000065278,HOP,Euronext Paris,EUR,8.92,8.92,8.9,8.9,22/01/20,CET,176,1569.12
HOTELS DE PARIS,FR0004165801,HDP,Euronext Paris,EUR,4.1,4.1,4.1,4.1,22/01/20,CET,4024,16498.4
HSBC HOLDINGS,GB0005405286,HSB,Euronext Paris,EUR,6.953,6.953,6.863,6.876,22/01/20,CET,22717,156133.63
ICADE,FR0000035081,ICAD,Euronext Paris,EUR,98.7,99.3,98.2,98.45,22/01/20,CET,49059,4833643.7
ID LOGISTICS GROUP,FR0010929125,IDL,Euronext Paris,EUR,167,167.4,165.4,166.4,22/01/20,CET,3455,575596.8
IDI,FR0000051393,IDIP,Euronext Paris,EUR,44.8,45,44.5,44.5,22/01/20,CET,821,36702.9
IFF,US4595061015,IFF,Euronext Paris,EUR,124,124,124,124,31/10/19,CET,300,37200
IGE + XAO,FR0000030827,IGE,Euronext Paris,EUR,164,164,161,161,22/01/20,CET,1234,202285
ILIAD,FR0004035913,ILD,Euronext Paris,EUR,120.6,121.3,119.95,120.35,22/01/20,CET,136525,16431271.95
IMERYS,FR0000120859,NK,Euronext Paris,EUR,41.48,41.64,40.84,41.02,22/01/20,CET,173269,7126990.34
IMMOB.DASSAULT,FR0000033243,IMDA,Euronext Paris,EUR,77,78.5,75,78,22/01/20,CET,740,56855.5
INDLE FIN.ENTREPR.,FR0000066219,INFE,Euronext Paris,EUR,50,50,50,50,22/01/20,CET,4,200
INFOTEL,FR0000071797,INF,Euronext Paris,EUR,41.7,41.7,41.35,41.65,22/01/20,CET,2342,97582.6
INGENICO GROUP,FR0000125346,ING,Euronext Paris,EUR,102.4,102.9,101.1,102.4,22/01/20,CET,183943,18783785.15
INNATE PHARMA,FR0010331421,IPH,Euronext Paris,EUR,6.945,6.985,6.81,6.88,22/01/20,CET,304271,2104509.67
INNELEC MULTIMEDIA,FR0000064297,INN,Euronext Paris,EUR,4.87,4.87,4.81,4.81,22/01/20,CET,10070,48690.32
INSTALLUX,FR0000060451,STAL,Euronext Paris,EUR,350,350,350,350,21/01/20,CET,40,14000
INTERPARFUMS,FR0004024222,ITP,Euronext Paris,EUR,38.2,38.65,38,38.25,22/01/20,CET,16754,642599.6
INTEXA,FR0000064958,ITXT,Euronext Paris,EUR,2.5,2.5,2.5,2.5,16/01/20,CET,233,582.5
INVENTIVA,FR0013233012,IVA,Euronext Paris,EUR,4.42,4.54,4.36,4.41,22/01/20,CET,38087,169673.7
IPSEN,FR0010259150,IPN,Euronext Paris,EUR,82.35,83.3,81.7,82.5,22/01/20,CET,105922,8721426.25
IPSOS,FR0000073298,IPS,Euronext Paris,EUR,31.55,31.75,31.35,31.7,22/01/20,CET,54304,1714666.45
IPSOS NV20,FR0013466273,IPSNV,Euronext Paris,EUR,30.5,30.5,30.5,30.5,21/01/20,CET,750,22875
IT LINK,FR0000072597,ITL,Euronext Paris,EUR,15.1,15.55,15,15.55,22/01/20,CET,2191,33344.95
ITESOFT,FR0004026151,ITE,Euronext Paris,EUR,2.96,2.96,2.96,2.96,22/01/20,CET,1,2.96
JACQUES BOGART,FR0012872141,JBOG,Euronext Paris,EUR,11,11,10.5,10.7,22/01/20,CET,10539,112963.75
JACQUET METAL SCE,FR0000033904,JCQ,Euronext Paris,EUR,15.1,15.26,15.02,15.06,22/01/20,CET,4863,73309.88
JC DECAUX SA.,FR0000077919,DEC,Euronext Paris,EUR,25.9,26,25.52,25.64,22/01/20,CET,229010,5876133.3
KAUFMAN ET BROAD,FR0004007813,KOF,Euronext Paris,EUR,38.06,38.06,37.22,37.3,22/01/20,CET,30851,1155250
KERING,FR0000121485,KER,Euronext Paris,EUR,592,596.9,589.4,592.2,22/01/20,CET,233962,138678400.5
KEYRUS,FR0004029411,KEY,Euronext Paris,EUR,3.03,3.04,3,3,22/01/20,CET,6781,20354.77
KLEPIERRE,FR0000121964,LI,Euronext Paris,EUR,32.68,32.88,32.28,32.31,22/01/20,CET,735956,23823397.68
KORIAN,FR0010386334,KORI,Euronext Paris,EUR,42.3,42.46,42,42,22/01/20,CET,86450,3642949.38
L''OREAL,FR0000120321,OR,Euronext Paris,EUR,271.8,272.6,268.7,269,22/01/20,CET,339921,91776783.6
L''OREAL NV20,FR0013462884,ORNV,Euronext Paris,EUR,0,0,0,0,0,CET,0,0
LA FONCIERE VERTE,FR0000039638,LFVE,Euronext Paris,EUR,84,84,84,84,14/11/19,CET,4,336
LACROIX SA,FR0000066607,LACR,Euronext Paris,EUR,28.8,28.8,28.5,28.5,22/01/20,CET,248,7098
LAFARGEHOLCIM LTD,CH0012214059,LHN,Euronext Paris,EUR,48.51,48.88,48.15,48.28,22/01/20,CET,64730,3137328
LAFUMA,FR0000035263,LAF,Euronext Paris,EUR,18.5,18.5,18.5,18.5,14/01/20,CET,140,2590
LAGARDERE S.C.A.,FR0000130213,MMB,Euronext Paris,EUR,19.08,19.1,18.64,18.67,22/01/20,CET,403365,7566580.28
LATECOERE,FR0000032278,LAT,Euronext Paris,EUR,3.605,3.61,3.6,3.605,22/01/20,CET,71700,258427.98
LAURENT-PERRIER,FR0006864484,LPE,Euronext Paris,EUR,82.4,83.4,82.4,83,22/01/20,CET,300,24906.6
LDC,FR0013204336,LOUP,Euronext Paris,EUR,108.5,108.5,105,105.5,22/01/20,CET,8277,878154.5
LEBON,FR0000121295,LBON,Euronext Paris,EUR,127,127,127,127,22/01/20,CET,20,2540
LECTRA,FR0000065484,LSS,Euronext Paris,EUR,24.2,24.4,24.1,24.3,22/01/20,CET,5110,123895.1
LECTRA NV20,FR0013466307,LSSNV,Euronext Paris,EUR,0,0,0,0,0,CET,0,0
LEGRAND,FR0010307819,LR,Euronext Paris,EUR,72.4,72.9,71.66,71.88,22/01/20,CET,682588,49238350.14
LESNXCONSTRUCTEURS,FR0004023208,LNC,Euronext Paris,EUR,46.6,46.6,46.2,46.6,22/01/20,CET,102,4725.8
LINEDATA SERVICES,FR0004156297,LIN,Euronext Paris,EUR,30.1,30.2,28.2,29,22/01/20,CET,3876,114141.3
LISI,FR0000050353,FII,Euronext Paris,EUR,27,27.15,26.55,26.8,22/01/20,CET,16388,440300.45
LNA SANTE,FR0004170017,LNA,Euronext Paris,EUR,48.7,48.75,48.2,48.2,22/01/20,CET,5842,283074.75
LUMIBIRD,FR0000038242,LBIRD,Euronext Paris,EUR,14.82,14.9,14.42,14.56,22/01/20,CET,14914,219645.34
LVMH,FR0000121014,MC,Euronext Paris,EUR,426.4,427.25,423.15,423.45,22/01/20,CET,427634,181546087.3
LYSOGENE,FR0013233475,LYS,Euronext Paris,EUR,4.55,5.5,4.55,5.26,22/01/20,CET,1435218,7203973.32
M.R.M,FR0000060196,MRM,Euronext Paris,EUR,1.43,1.45,1.43,1.45,22/01/20,CET,301,436.43
MAINSTAY MEDICAL,IE00BJYS1G50,MSTY,Euronext Paris,EUR,2.78,2.8,2.78,2.8,20/01/20,CET,31776,88972.58
MAISONS DU MONDE,FR0013153541,MDM,Euronext Paris,EUR,11.58,11.59,11.18,11.28,22/01/20,CET,256222,2900766.88
MALTERIES FCO-BEL.,FR0000030074,MALT,Euronext Paris,EUR,625,625,610,610,16/01/20,CET,23,14135
MANITOU BF,FR0000038606,MTU,Euronext Paris,EUR,18.42,18.44,18.2,18.28,22/01/20,CET,13248,242519.9
MANUTAN INTL,FR0000032302,MAN,Euronext Paris,EUR,64.8,64.8,63.6,63.6,22/01/20,CET,326,20823.8
MAROC TELECOM,MA0000011488,IAM,Euronext Paris,EUR,14.5,14.75,13.9,14.4,22/01/20,CET,2846,40781.45
MAUNA KEA TECH,FR0010609263,MKEA,Euronext Paris,EUR,1.75,1.864,1.746,1.826,22/01/20,CET,616043,1114942.43
MAUREL ET PROM,FR0000051070,MAU,Euronext Paris,EUR,2.8,2.8,2.71,2.735,22/01/20,CET,200421,551037.66
MBWS,FR0000060873,MBWS,Euronext Paris,EUR,1.6,1.6,1.556,1.558,22/01/20,CET,23025,36330.87
MBWS BSA 2022,FR0013404944,MBWBT,Euronext Paris,EUR,0.03,0.0389,0.03,0.031,22/01/20,CET,4001,129.03
MBWS BSAR 2023,FR0013066313,MBWSZ,Euronext Paris,EUR,0.575,0.575,0.575,0.575,22/11/19,CET,2951,1696.825
MCPHY ENERGY,FR0011742329,MCPHY,Euronext Paris,EUR,4.31,4.675,4.25,4.465,22/01/20,CET,388529,1729637.16
MEDIA 6,FR0000064404,EDI,Euronext Paris,EUR,10.9,10.9,10.9,10.9,22/01/20,CET,71,773.9
MEDIAWAN,FR0013247137,MDW,Euronext Paris,EUR,11,11.08,10.96,11,22/01/20,CET,24898,273883.26
MEDIAWAN WAR,FR0013128907,MDWBS,Euronext Paris,EUR,0.55,0.55,0.49,0.49,22/01/20,CET,1850,1014.5
MEDINCELL,FR0004065605,MEDCL,Euronext Paris,EUR,6.66,6.66,6.6,6.6,22/01/20,CET,1631,10803.5
MEMSCAP REGPT,FR0010298620,MEMS,Euronext Paris,EUR,1.805,1.81,1.805,1.81,22/01/20,CET,151,273.31
MERCIALYS,FR0010241638,MERY,Euronext Paris,EUR,11.75,11.79,11.69,11.74,22/01/20,CET,156302,1833888.54
MERCK AND CO INC,US58933Y1055,MRK,Euronext Paris,EUR,80,81.6,80,81.2,22/01/20,CET,767,61899.6
MERSEN,FR0000039620,MRN,Euronext Paris,EUR,32.35,32.75,32.2,32.75,22/01/20,CET,47882,1556891.5
MERSEN NV20,FR0013468261,MRNNV,Euronext Paris,EUR,0,0,0,0,0,CET,0,0
METABOLIC EXPLORER,FR0004177046,METEX,Euronext Paris,EUR,1.694,1.75,1.65,1.672,22/01/20,CET,168205,287621.32
METROPOLE TV,FR0000053225,MMT,Euronext Paris,EUR,15.58,15.76,15.31,15.42,22/01/20,CET,155516,2413416.16
MICHELIN,FR0000121261,ML,Euronext Paris,EUR,111.6,112.6,109.3,109.45,22/01/20,CET,451535,49673572.85
MICHELIN NV20,FR0013465747,MLNV,Euronext Paris,EUR,107.2,107.2,107.2,107.2,21/01/20,CET,18,1929.6
MICROPOLE,FR0000077570,MUN,Euronext Paris,EUR,1.3,1.345,1.295,1.32,22/01/20,CET,77478,102353.67
MONCEY (FIN.) NOM.,FR0000076986,MONC,Euronext Paris,EUR,5000,5000,5000,5000,10/01/20,CET,2,10000
MONTEA C.V.A.,BE0003853703,MONT,Euronext Brussels Paris,EUR,84.3,84.8,84,84.6,22/01/20,CET,8287,700171.1
MR BRICOLAGE,FR0004034320,MRB,Euronext Paris,EUR,3.48,3.48,3.44,3.44,22/01/20,CET,267,918.52
MUSEE GREVIN,FR0000037970,GREV,Euronext Paris,EUR,66.5,66.5,66.5,66.5,15/01/20,CET,1,66.5
NANOBIOTIX,FR0011341205,NANO,Euronext Paris,EUR,9,9.235,8.98,9.065,22/01/20,CET,83162,755659.95
NATIXIS,FR0000120685,KN,Euronext Paris,EUR,3.918,3.942,3.866,3.881,22/01/20,CET,4057163,15775471.45
NAVYA,FR0013018041,NAVYA,Euronext Paris,EUR,0.98,0.988,0.96,0.97,22/01/20,CET,8704,8491.2
NEOEN,FR0011675362,NEOEN,Euronext Paris,EUR,32.6,32.8,31.95,31.95,22/01/20,CET,58570,1894361.2
NETGEM,FR0004154060,NTG,Euronext Paris,EUR,0.918,0.92,0.914,0.92,22/01/20,CET,3361,3080.16
NEURONES,FR0004050250,NRO,Euronext Paris,EUR,21.7,21.9,21.5,21.8,22/01/20,CET,4847,105516.6
NEXANS,FR0000044448,NEX,Euronext Paris,EUR,45.27,45.57,44.59,45.11,22/01/20,CET,115730,5216866.2
NEXITY,FR0010112524,NXI,Euronext Paris,EUR,44.32,44.5,44.08,44.2,22/01/20,CET,87809,3884092.1
NEXTSTAGE,FR0012789386,NEXTS,Euronext Paris,EUR,95.5,96,95.5,96,22/01/20,CET,17,1627.5
NICOX,FR0013018124,COX,Euronext Paris,EUR,5.12,5.12,4.97,5.01,22/01/20,CET,62621,315114.79
NOKIA,FI0009000681,NOKIA,Euronext Paris,EUR,3.7535,3.7535,3.684,3.71,22/01/20,CET,368802,1367988.67
NR21,FR0004166155,NR21,Euronext Paris,EUR,0.92,0.92,0.92,0.92,20/01/20,CET,660,607.2
NRJ GROUP,FR0000121691,NRG,Euronext Paris,EUR,6.4,6.4,6.36,6.36,22/01/20,CET,3745,23925.42
OENEO,FR0000052680,SBT,Euronext Paris,EUR,13.68,13.68,13.66,13.66,22/01/20,CET,29804,407125.28
OL GROUPE,FR0010428771,OLG,Euronext Paris,EUR,3.03,3.03,3.01,3.01,22/01/20,CET,9012,27271.87
ONXEO,FR0010095596,ONXEO,Euronext Paris,EUR,0.608,0.609,0.574,0.579,22/01/20,CET,228077,134638.98
ORANGE,FR0000133308,ORA,Euronext Paris,EUR,13.145,13.19,13.06,13.13,22/01/20,CET,6029303,79188204.11
ORAPI,FR0000075392,ORAP,Euronext Paris,EUR,8.16,8.16,6.56,7.18,22/01/20,CET,136612,1024308.68
ORCHESTRA-PREMAMAN,FR0013190410,KAZI,Euronext Paris,EUR,0.294,0.297,0.279,0.284,22/01/20,CET,47944,13770.25
OREGE,FR0010609206,OREGE,Euronext Paris,EUR,1.235,1.235,1.11,1.19,22/01/20,CET,20211,23379.31
ORPEA,FR0000184798,ORP,Euronext Paris,EUR,113.5,115.8,113,114.6,22/01/20,CET,858031,98139808.1
OSE IMMUNO,FR0012127173,OSE,Euronext Paris,EUR,4.24,4.33,4.14,4.3,22/01/20,CET,61604,261242.83
PARAGON ID,FR0013318813,PID,Euronext Paris,EUR,32.7,33,32.5,32.5,22/01/20,CET,531,17318.3
PAREF,FR0010263202,PAR,Euronext Paris,EUR,86.5,86.5,85.5,85.5,22/01/20,CET,282,24289.5
PARROT,FR0004038263,PARRO,Euronext Paris,EUR,2.88,2.88,2.82,2.83,22/01/20,CET,2531,7224.54
PARROT BSA 1,FR0013054269,PABSA,Euronext Paris,EUR,0.0005,0.0005,0.0005,0.0005,13/01/20,CET,115,0.06
PARROT BSA 2,FR0013054335,PABSB,Euronext Paris,EUR,0.0001,0.0001,0.0001,0.0001,28/11/19,CET,41,0.0041
PASSAT,FR0000038465,PSAT,Euronext Paris,EUR,5.12,5.16,5.06,5.16,22/01/20,CET,2314,11918.84
PATRIMOINE ET COMM,FR0011027135,PAT,Euronext Paris,EUR,19.55,19.6,19.55,19.55,22/01/20,CET,843,16490
PCAS,FR0000053514,PCA,Euronext Paris,EUR,13.1,13.2,12.5,13.2,22/01/20,CET,514,6657.1
PERNOD RICARD,FR0000120693,RI,Euronext Paris,EUR,169.35,170,167.4,167.4,22/01/20,CET,281387,47308619.7
PERRIER (GERARD),FR0000061459,PERR,Euronext Paris,EUR,64.4,64.8,64,64.4,22/01/20,CET,1542,99514
PEUGEOT,FR0000121501,UG,Euronext Paris,EUR,19.59,19.93,19.35,19.425,22/01/20,CET,2399836,46806853.77
PHARMAGEST INTER.,FR0012882389,PHA,Euronext Paris,EUR,65.7,65.8,65.5,65.6,22/01/20,CET,1662,109065.8
PIERRE VACANCES,FR0000073041,VAC,Euronext Paris,EUR,21.1,23.2,21.1,23,22/01/20,CET,161493,3669082.55
PIXIUM VISION,FR0011950641,PIX,Euronext Paris,EUR,1.068,1.068,0.99,1,22/01/20,CET,396679,406372.73
PLAST.VAL LOIRE,FR0013252186,PVL,Euronext Paris,EUR,6.78,6.79,6.57,6.69,22/01/20,CET,46165,308968.6
PLASTIC OMNIUM,FR0000124570,POM,Euronext Paris,EUR,25.2,25.41,24.9,25.08,22/01/20,CET,89519,2245914.3
POXEL,FR0012432516,POXEL,Euronext Paris,EUR,11.92,11.98,11.58,11.78,22/01/20,CET,96034,1129509.16
POXEL NV20,FR0013465689,POXNV,Euronext Paris,EUR,0,0,0,0,0,CET,0,0
PRECIA,FR0000060832,PREC,Euronext Paris,EUR,206,210,202,202,22/01/20,CET,123,25586
PROACTIS SA,FR0004052561,PROAC,Euronext Paris,EUR,0.12,0.126,0.12,0.126,22/01/20,CET,1100,132.6
PRODWAYS,FR0012613610,PWG,Euronext Paris,EUR,3.07,3.135,3.04,3.06,22/01/20,CET,127484,393918.75
PROLOG BSAAR20,FR0011627900,PRBS1,Euronext Paris,EUR,0.0005,0.0005,0.0005,0.0005,21/01/20,CET,88,0.04
PROLOGUE,FR0010380626,PROL,Euronext Paris,EUR,0.352,0.362,0.348,0.359,22/01/20,CET,44042,15528.95
PROLOGUE BSAA2021,FR0011994326,PRBS2,Euronext Paris,EUR,0.0015,0.0015,0.0015,0.0015,22/01/20,CET,12181,18.27
PSB INDUSTRIES,FR0000060329,PSB,Euronext Paris,EUR,19,19,18.45,18.45,22/01/20,CET,704,13093.3
PUBLICIS BSA,FR0000312928,PUBBS,Euronext Paris,EUR,14.4,14.4,14.4,14.4,21/01/20,CET,210,3024
PUBLICIS GROUPE SA,FR0000130577,PUB,Euronext Paris,EUR,42.12,42.5,41.5,41.52,22/01/20,CET,644253,26852393.79
QUADIENT,FR0000120560,QDT,Euronext Paris,EUR,21.14,21.36,20.86,20.88,22/01/20,CET,30943,651646.54
RALLYE,FR0000060618,RAL,Euronext Paris,EUR,8.87,9,8.8,8.85,22/01/20,CET,55456,493254.36
RAMSAY GEN SANTE,FR0000044471,GDS,Euronext Paris,EUR,17.4,17.4,17.1,17.4,22/01/20,CET,1464,25469.4
RECYLEX S.A.,FR0000120388,RX,Euronext Paris,EUR,3.11,3.14,2.96,3.025,22/01/20,CET,51422,156405.73
REMY COINTREAU,FR0000130395,RCO,Euronext Paris,EUR,115,115.4,114.1,114.3,22/01/20,CET,59478,6815789.3
RENAULT,FR0000131906,RNO,Euronext Paris,EUR,39.39,39.765,38.775,38.955,22/01/20,CET,1133709,44298428.23
REXEL,FR0010451203,RXL,Euronext Paris,EUR,11.58,11.64,11.49,11.565,22/01/20,CET,788871,9134625.67
RIBER,FR0000075954,RIB,Euronext Paris,EUR,2.455,2.525,2.41,2.465,22/01/20,CET,38037,94100.9
ROBERTET,FR0000039091,RBT,Euronext Paris,EUR,919,933,915,933,22/01/20,CET,646,595975
ROBERTET CDV 87,FR0000045619,CBR,Euronext Paris,EUR,44,44,44,44,04/01/19,CET,20,880
ROBERTET CI,FR0000045601,CBE,Euronext Paris,EUR,770,770,770,770,20/01/20,CET,15,11550
ROCHE BOBOIS,FR0013344173,RBO,Euronext Paris,EUR,19.65,19.95,19.25,19.3,22/01/20,CET,2201,42863.65
ROTHSCHILD&CO,FR0000031684,ROTH,Euronext Paris,EUR,25.55,25.75,25.2,25.7,22/01/20,CET,60803,1546830.85
RUBIS,FR0013269123,RUI,Euronext Paris,EUR,55.8,56.85,55.75,56.8,22/01/20,CET,162254,9161807.05
S.E.B.,FR0000121709,SK,Euronext Paris,EUR,129.9,130,126.2,127.3,22/01/20,CET,68737,8777674.1
SAFRAN,FR0000073272,SAF,Euronext Paris,EUR,141.7,142.15,140.05,140.25,22/01/20,CET,641898,90399375.85
SAINT GOBAIN,FR0000125007,SGO,Euronext Paris Amsterdam Brussels,EUR,35.12,35.4,34.835,35,22/01/20,CET,1692000,59249534.06
SAINT GOBAIN NV20,FR0013462892,SGONV,Euronext Paris,EUR,0,0,0,0,0,CET,0,0
SAINT JEAN GROUPE,FR0000060121,SABE,Euronext Paris,EUR,24.2,24.2,24.2,24.2,22/01/20,CET,304,7356.8
SAMSE,FR0000060071,SAMS,Euronext Paris,EUR,161,161,161,161,22/01/20,CET,1,161
SANOFI,FR0000120578,SAN,Euronext Paris,EUR,90.5,90.9,88.83,88.87,22/01/20,CET,2739624,244859288.94
SANOFI NV20,FR0013462652,SANNV,Euronext Paris,EUR,87.13,87.13,86.48,86.48,22/01/20,CET,4000,348195
SARTORIUS STED BIO,FR0013154002,DIM,Euronext Paris,EUR,163.9,164.7,162.6,163.1,22/01/20,CET,44890,7337942.9
SAVENCIA,FR0000120107,SAVE,Euronext Paris,EUR,64.4,64.4,64.2,64.2,22/01/20,CET,831,53508.4
SCBSM,FR0006239109,CBSM,Euronext Paris,EUR,9.55,9.7,9.55,9.7,22/01/20,CET,101,977.05
SCHLUMBERGER,AN8068571086,SLB,Euronext Paris,EUR,33.4,33.7,32.7,32.8,22/01/20,CET,15583,517451.9
SCHNEIDER ELE NV20,FR0013464203,SUNV,Euronext Paris,EUR,0,0,0,0,0,CET,0,0
SCHNEIDER ELECTRIC,FR0000121972,SU,Euronext Paris,EUR,93.8,94.5,92.96,92.98,22/01/20,CET,1064235,99433064.74
SCOR SE,FR0010411983,SCR,Euronext Paris,EUR,38.35,38.58,38.17,38.29,22/01/20,CET,235456,9027147.68
SECHE ENVIRONNEM.,FR0000039109,SCHP,Euronext Paris,EUR,39.4,40.5,39.4,40.5,22/01/20,CET,7543,301350.4
SELCODIS,FR0000065492,SLCO,Euronext Paris,EUR,0.29,0.29,0.29,0.29,25/03/09,CET,2074,601
SELECTIRENTE,FR0004175842,SELER,Euronext Paris,EUR,89,89,89,89,22/01/20,CET,1,89
SERGEFERRARI GROUP,FR0011950682,SEFER,Euronext Paris,EUR,6.2,6.3,6.15,6.3,22/01/20,CET,1236,7736.15
SES,LU0088087324,SESG,Euronext Paris,EUR,13.03,13.07,12.81,12.81,22/01/20,CET,692777,8915589.32
SES IMAGOTAG,FR0010282822,SESL,Euronext Paris,EUR,36,36.9,35.65,35.75,22/01/20,CET,9501,344716.15
SHOWROOMPRIVE,FR0013006558,SRP,Euronext Paris,EUR,1.266,1.266,1.232,1.238,22/01/20,CET,120063,149782.17
SIGNAUX GIROD,FR0000060790,GIRO,Euronext Paris,EUR,11,11,11,11,22/01/20,CET,238,2618
SII,FR0000074122,SII,Euronext Paris,EUR,28.5,28.5,28.1,28.3,22/01/20,CET,882,24858
SMCP,FR0013214145,SMCP,Euronext Paris,EUR,8.7,8.7,8.4,8.62,22/01/20,CET,209369,1784548.06
SMTPC,FR0004016699,SMTPC,Euronext Paris,EUR,21.3,21.8,21.3,21.6,22/01/20,CET,5097,109666.4
SOC FRANC CASINOS,FR0010209809,SFCA,Euronext Paris,EUR,1.7,1.7,1.7,1.7,21/01/20,CET,92,156.4
SOCIETE GENERALE,FR0000130809,GLE,Euronext Paris,EUR,30.445,30.615,30.09,30.32,22/01/20,CET,3055112,92516711.34
SODEXO,FR0000121220,SW,Euronext Paris,EUR,99.88,100.45,98.9,98.9,22/01/20,CET,186015,18464301.2
SODIFRANCE,FR0000072563,SOA,Euronext Paris,EUR,17,17,17,17,21/01/20,CET,600,10200
SODITECH,FR0000078321,SEC,Euronext Paris,EUR,0.69,0.69,0.69,0.69,22/01/20,CET,398,274.62
SOFIBUS PATRIMOINE,FR0000038804,SFBS,Euronext Paris,EUR,220,220,220,220,17/01/20,CET,25,5500
SOFRAGI,FR0000030140,SOFR,Euronext Paris,EUR,1600,1600,1600,1600,22/01/20,CET,6,9600
SOGECLAIR,FR0000065864,SOG,Euronext Paris,EUR,31.5,32.7,31.5,31.5,22/01/20,CET,2777,88733.6
SOITEC,FR0013227113,SOI,Euronext Paris,EUR,89.3,89.45,79.7,81.2,22/01/20,CET,1232458,103669434.43
SOLOCAL GROUP,FR0012938884,LOCAL,Euronext Paris,EUR,0.512,0.513,0.502,0.504,22/01/20,CET,1034961,524316.23
SOLVAY,BE0003470755,SOLB,Euronext Brussels Paris,EUR,94.76,95.14,93.92,94.58,22/01/20,CET,386876,36569753.38
SOMFY SA,FR0013199916,SO,Euronext Paris,EUR,90.8,91.6,90.8,91.6,22/01/20,CET,14626,1330486.1
SOPRA STERIA GROUP,FR0000050809,SOP,Euronext Paris,EUR,147.9,148.6,146.4,148.6,22/01/20,CET,26798,3965754.2
SPIE,FR0012757854,SPIE,Euronext Paris,EUR,18,18.11,17.63,17.63,22/01/20,CET,158233,2802446.12
SPIR COMMUNICATION,FR0000131732,SPI,Euronext Paris,EUR,4.4,4.5,4.4,4.5,22/01/20,CET,23,102.2
SQLI,FR0011289040,SQI,Euronext Paris,EUR,23.85,24,23.6,23.8,22/01/20,CET,2711,64638.6
ST DUPONT,FR0000054199,DPT,Euronext Paris,EUR,0.113,0.1165,0.113,0.113,22/01/20,CET,39600,4485.5
STEF,FR0000064271,STF,Euronext Paris,EUR,82,82,79.6,80,22/01/20,CET,8209,662473.8
STENTYS,FR0010949404,STNT,Euronext Paris,EUR,0.468,0.4745,0.456,0.46,22/07/19,CET,53783,24756.702
STENTYS NV20,FR0013465697,STNNV,Euronext Paris,EUR,0,0,0,0,0,CET,0,0
STMICROELECTRONICS,NL0000226223,STM,Euronext Paris,EUR,25.21,25.36,25.09,25.36,22/01/20,CET,2808250,70944337.71
SUEZ,FR0010613471,SEV,Euronext Paris Brussels,EUR,14.765,14.84,14.685,14.775,22/01/20,CET,1352866,19968748.4
SUEZ NV20,FR0013467453,SEVNV,Euronext Paris,EUR,0,0,0,0,0,CET,0,0
SUPERSONIC IMAGINE,FR0010526814,SSI,Euronext Paris,EUR,1.41,1.41,1.41,1.41,22/01/20,CET,730,1029.3
SWORD GROUP,FR0004180578,SWP,Euronext Paris,EUR,34.45,35.55,34.45,35.15,22/01/20,CET,17267,606103.9
SYNERGIE,FR0000032658,SDG,Euronext Paris,EUR,29.85,29.85,29,29,22/01/20,CET,13895,407866.6
TARKETT,FR0004188670,TKTT,Euronext Paris,EUR,13.44,13.44,12.9,13.11,22/01/20,CET,140931,1848395.44
TAYNINH,FR0000063307,TAYN,Euronext Paris,EUR,1.1,1.2,1.1,1.2,17/01/20,CET,424,491.3
TECHNICOLOR,FR0010918292,TCH,Euronext Paris,EUR,0.663,0.669,0.66,0.6625,22/01/20,CET,1091549,723117.42
TECHNIPFMC,GB00BDSFG982,FTI,Euronext Paris,EUR,17.585,17.585,17.1,17.1,22/01/20,CET,1563221,26938634.21
TELEPERFORMANCE,FR0000051807,TEP,Euronext Paris,EUR,228,231.6,227.4,231.4,22/01/20,CET,136245,31398838.4
TELEVERBIER,CH0008175645,TVRB,Euronext Paris,EUR,52,52,52,52,22/01/20,CET,251,13052
TESSI,FR0004529147,TES,Euronext Paris,EUR,127.5,129,127.5,129,22/01/20,CET,3,385.5
TF1,FR0000054900,TFI,Euronext Paris,EUR,7.22,7.23,7.135,7.205,22/01/20,CET,318917,2291391.15
TFF GROUP,FR0013295789,TFF,Euronext Paris,EUR,35.8,35.8,35.1,35.8,22/01/20,CET,476,16961.3
THALES,FR0000121329,HO,Euronext Paris,EUR,99.42,99.68,98.06,98.32,22/01/20,CET,392725,38696335.58
THALES NV20,FR0013466265,HONV,Euronext Paris,EUR,0,0,0,0,0,CET,0,0
THERMADOR GROUPE,FR0013333432,THEP,Euronext Paris,EUR,54.6,54.6,54,54.6,22/01/20,CET,590,32039.8
TIKEHAU CAPITAL,FR0013230612,TKO,Euronext Paris,EUR,22.5,23.6,22,23.1,22/01/20,CET,45687,1027882.1
TIPIAK,FR0000066482,TIPI,Euronext Paris,EUR,65,65,65,65,22/01/20,CET,40,2600
TITAN CEMENT,BE0974338700,TITC,Euronext Brussels Paris,EUR,18.9,18.96,18.82,18.94,22/01/20,CET,5682,107344.26
TIVOLY,FR0000060949,TVLY,Euronext Paris,EUR,23.2,23.2,23.2,23.2,22/01/20,CET,5056,117299.2
TOTAL,FR0000120271,FP,Euronext Paris Brussels,EUR,48.375,48.375,47.55,47.8,22/01/20,CET,4828862,231015047.56
TOTAL GABON,GA0000121459,EC,Euronext Paris,EUR,134,135.5,134,134.5,22/01/20,CET,2334,313337.5
TOUAX,FR0000033003,TOUP,Euronext Paris,EUR,5.14,5.16,5.1,5.1,22/01/20,CET,4481,22989.02
TOUPARGEL GROUPE,FR0000039240,TOU,Euronext Paris,EUR,0.68,0.68,0.6,0.64,21/10/19,CET,60040,37905.15
TOUR EIFFEL,FR0000036816,EIFF,Euronext Paris,EUR,39.7,39.7,39.4,39.5,22/01/20,CET,1478,58369.3
TRANSGENE,FR0005175080,TNG,Euronext Paris,EUR,1.56,1.568,1.548,1.548,22/01/20,CET,24656,38325.41
TRIGANO,FR0005691656,TRI,Euronext Paris,EUR,86,88.85,86,87.95,22/01/20,CET,38678,3383036.35
UBISOFT ENTERTAIN,FR0000054470,UBI,Euronext Paris,EUR,63.4,64.88,62.92,63.64,22/01/20,CET,532482,33968384.98
UNIBAIL-RODAMCO-WE,FR0013326246,URW,Euronext Amsterdam Paris,EUR,132.35,132.55,130.35,130.7,22/01/20,CET,514392,67394655.25
UNIBEL,FR0000054215,UNBL,Euronext Paris,EUR,580,580,580,580,30/12/19,CET,2,1160
UNION FIN.FRANCE,FR0000034548,UFF,Euronext Paris,EUR,20.1,20.8,20,20.4,22/01/20,CET,5656,114923.4
UNION TECH.INFOR.,FR0000074197,FPG,Euronext Paris,EUR,0.55,0.55,0.53,0.546,22/01/20,CET,4565,2497.51
VALEO,FR0013176526,FR,Euronext Paris,EUR,30.7,30.99,30.13,30.25,22/01/20,CET,511247,15515676.3
VALLOUREC,FR0000120354,VK,Euronext Paris,EUR,2.502,2.508,2.43,2.46,22/01/20,CET,5303414,13035443.96
VALNEVA,FR0004056851,VLA,Euronext Paris,EUR,2.905,2.99,2.85,2.86,22/01/20,CET,243368,703350.23
VALNEVA PREF,FR0011472943,VLAP,Euronext Paris,EUR,0.142,0.142,0.134,0.134,22/01/20,CET,70449,9582.47
VEOLIA ENVIRON.,FR0000124141,VIE,Euronext Paris,EUR,26.19,26.45,26.12,26.35,22/01/20,CET,1851053,48747751.08
VERALLIA,FR0013447729,VRLA,Euronext Paris,EUR,30.6,30.6,30.05,30.55,22/01/20,CET,5767,174654.45
VERIMATRIX,FR0010291245,VMX,Euronext Paris,EUR,1.956,1.958,1.93,1.954,22/01/20,CET,49493,96441.69
VERNEUIL FINANCE,FR0000062465,VRNL,Euronext Paris,EUR,1.45,1.45,1.45,1.45,22/01/20,CET,398,577.1
VETOQUINOL,FR0004186856,VETO,Euronext Paris,EUR,61.8,62,61.4,62,22/01/20,CET,446,27560.4
VICAT,FR0000031775,VCT,Euronext Paris,EUR,39.2,40.3,39.2,39.65,22/01/20,CET,16071,638312.05
VIDELIO,FR0000066680,VDLO,Euronext Paris,EUR,1.93,1.93,1.92,1.92,22/01/20,CET,164,314.89
VIEL ET COMPAGNIE,FR0000050049,VIL,Euronext Paris,EUR,4.83,4.86,4.8,4.8,22/01/20,CET,1489,7165.11
VILMORIN&CIE,FR0000052516,RIN,Euronext Paris,EUR,47.2,47.2,46.55,46.55,22/01/20,CET,4996,233976.85
VINCI,FR0000125486,DG,Euronext Paris,EUR,102,102.4,100.9,100.9,22/01/20,CET,1179643,119488547.2
VIRBAC,FR0000031577,VIRP,Euronext Paris,EUR,221,221.5,215,217,22/01/20,CET,10339,2243999.5
VISIODENT,FR0000065765,SDT,Euronext Paris,EUR,2.36,2.36,2.36,2.36,22/01/20,CET,251,592.36
VIVENDI,FR0000127771,VIV,Euronext Paris,EUR,25.19,25.21,24.77,24.83,22/01/20,CET,3210697,79906784.47
VIVENDI NV20,FR0013462900,VIVNV,Euronext Paris,EUR,0,0,0,0,0,CET,0,0
VOLTALIA,FR0011995588,VLTSA,Euronext Paris,EUR,13.45,13.7,13.45,13.7,22/01/20,CET,31083,421063.6
VOLUNTIS,FR0004183960,VTX,Euronext Paris,EUR,2.67,2.67,2.42,2.57,22/01/20,CET,76302,193754.31
VRANKEN-POMMERY,FR0000062796,VRAP,Euronext Paris Brussels,EUR,19.7,19.9,19.5,19.55,22/01/20,CET,6363,125032.25
WAVESTONE,FR0013357621,WAVE,Euronext Paris,EUR,27,27.75,27,27.75,22/01/20,CET,3252,88787.75
WENDEL,FR0000121204,MF,Euronext Paris,EUR,121.6,123.2,121.6,122.7,22/01/20,CET,42657,5227459.1
WORLDLINE,FR0011981968,WLN,Euronext Paris,EUR,65.6,66.8,65.55,66,22/01/20,CET,200383,13233556.15
X-FAB,BE0974310428,XFAB,Euronext Paris,EUR,4.6,4.6,4.455,4.51,22/01/20,CET,78219,353063.54
XILAM ANIMATION,FR0004034072,XIL,Euronext Paris,EUR,50.5,50.8,49.9,50.1,22/01/20,CET,3317,166462.95
XPO LOGISTICS,FR0000052870,XPO,Euronext Paris,EUR,260,266,260,262,22/01/20,CET,434,114020
YMAGIS,FR0011471291,MAGIS,Euronext Paris,EUR,1.83,1.83,1.765,1.765,22/01/20,CET,9782,17491.02
ZCI LIMITED,BMG9887P1068,CV,Euronext Paris,EUR,0.17,0.2,0.17,0.2,04/08/15,CET,21826,3755.94
